2023-05-30 13:01:35.102794,-0.02,-3.88
2023-05-30 13:01:40.103596,0.04,9.15
2023-05-30 13:01:45.104737,0.01,3.15
2023-05-30 13:01:50.101672,0.05,12.46
2023-05-30 13:01:55.102288,0.03,6.57
2023-05-30 13:02:00.102965,-0.03,-7.18
2023-05-30 13:02:05.099947,-0.04,-9.92
2023-05-30 13:02:10.101138,-0.02,-5.63
2023-05-30 13:02:15.102140,-0.05,-10.55
2023-05-30 13:02:20.098724,-0.03,-7.5
2023-05-30 13:02:25.099707,-0.05,-12.48
2023-05-30 13:02:30.100464,-0.05,-10.55
2023-05-30 13:02:35.097294,-0.03,-6.73
2023-05-30 13:02:40.098220,-0.03,-7.55
2023-05-30 13:02:45.095113,-0.02,-5.7
2023-05-30 13:02:50.098289,-0.02,-5.56
2023-05-30 13:02:55.096799,-0.02,-5.0
2023-05-30 13:03:00.097533,-0.03,-6.92
2023-05-30 13:03:05.094779,-0.05,-11.85
2023-05-30 13:03:10.095429,-0.02,-5.68
2023-05-30 13:03:15.092476,-0.03,-7.69
2023-05-30 13:03:20.093082,-0.03,-7.69
2023-05-30 13:03:25.094459,-0.03,-7.28
2023-05-30 13:03:30.091147,2.61,600.37
2023-05-30 13:03:35.091903,3.37,774.72
2023-05-30 13:03:40.093550,0.75,172.09
2023-05-30 13:03:45.092809,0.99,227.68
2023-05-30 13:03:50.096005,3.89,894.78
2023-05-30 13:03:55.097913,1.24,286.24
2023-05-30 13:04:00.096094,0.89,203.95
2023-05-30 13:04:05.098064,4.32,993.58
2023-05-30 13:04:10.099274,1.96,450.66
2023-05-30 13:04:15.096296,-0.03,-6.39
2023-05-30 13:04:20.097564,2.5,574.0
2023-05-30 13:04:25.098455,2.57,590.53
2023-05-30 13:04:30.095619,-0.03,-7.23
2023-05-30 13:04:35.096701,3.6,828.37
2023-05-30 13:04:40.093421,3.29,756.16
2023-05-30 13:04:45.094509,-0.04,-8.4
2023-05-30 13:04:50.096180,2.99,687.73
2023-05-30 13:04:55.096832,3.61,830.58
2023-05-30 13:05:00.093524,0.59,134.59
2023-05-30 13:05:05.094055,1.72,395.21
2023-05-30 13:05:10.091645,3.69,849.45
2023-05-30 13:05:15.091940,1.53,352.83
2023-05-30 13:05:20.093539,1.26,290.15
2023-05-30 13:05:25.093377,3.89,893.9
2023-05-30 13:05:30.090552,1.28,295.47
2023-05-30 13:05:35.091769,0.34,78.94
2023-05-30 13:05:40.088429,3.85,885.12
2023-05-30 13:05:45.089465,3.09,711.67
2023-05-30 13:05:50.090513,-0.02,-4.4
2023-05-30 13:05:55.087083,3.69,847.72
2023-05-30 13:06:00.087988,2.76,635.53
2023-05-30 13:06:05.088783,-0.03,-6.8
2023-05-30 13:06:10.085709,1.94,447.27
2023-05-30 13:06:15.086531,3.44,791.07
2023-05-30 13:06:20.087475,0.42,96.32
2023-05-30 13:06:25.085185,2.13,489.14
2023-05-30 13:06:30.085466,3.36,771.68
2023-05-30 13:06:35.086115,1.51,347.09
2023-05-30 13:06:40.083119,1.19,273.34
2023-05-30 13:06:45.083985,2.78,639.44
2023-05-30 13:06:50.085202,2.24,515.61
2023-05-30 13:06:55.081599,0.49,113.6
2023-05-30 13:07:00.083027,3.38,776.98
2023-05-30 13:07:05.079324,3.18,732.47
2023-05-30 13:07:10.080173,-0.03,-6.03
2023-05-30 13:07:15.081174,3.41,784.11
2023-05-30 13:07:20.081871,2.44,562.29
2023-05-30 13:07:25.079193,0.0,0.17
2023-05-30 13:07:30.079932,2.81,645.38
2023-05-30 13:07:35.080478,2.43,557.75
2023-05-30 13:07:40.077582,0.73,167.03
2023-05-30 13:07:45.078772,2.11,485.09
2023-05-30 13:07:50.079274,3.19,733.35
2023-05-30 13:07:55.076710,1.49,343.32
2023-05-30 13:08:00.077223,1.43,329.9
2023-05-30 13:08:05.078109,3.91,898.36
2023-05-30 13:08:10.075134,1.83,421.36
2023-05-30 13:08:15.075704,0.81,185.64
2023-05-30 13:08:20.076136,3.51,806.32
2023-05-30 13:08:25.073898,2.18,501.61
2023-05-30 13:08:30.074578,-0.03,-7.07
2023-05-30 13:08:35.075315,3.64,837.63
2023-05-30 13:08:40.072355,2.99,687.39
2023-05-30 13:08:45.073059,-0.05,-11.44
2023-05-30 13:08:50.069862,2.52,578.8
2023-05-30 13:08:55.071047,2.77,637.67
2023-05-30 13:09:00.071416,-0.03,-7.23
2023-05-30 13:09:05.068538,2.23,512.66
2023-05-30 13:09:10.069437,2.85,654.58
2023-05-30 13:09:15.070300,0.57,130.6
2023-05-30 13:09:20.071182,1.72,395.16
2023-05-30 13:09:25.068139,3.02,693.51
2023-05-30 13:09:30.069014,0.96,221.43
2023-05-30 13:09:35.065819,0.92,210.76
2023-05-30 13:09:40.066436,3.6,829.04
2023-05-30 13:09:45.067664,1.5,344.27
2023-05-30 13:09:50.064559,0.17,38.87
2023-05-30 13:09:55.065334,3.36,772.05
2023-05-30 13:10:00.067086,2.07,476.41
2023-05-30 13:10:05.063046,-0.01,-2.35
2023-05-30 13:10:10.064086,3.34,769.18
2023-05-30 13:10:15.064523,3.36,772.39
2023-05-30 13:10:20.061505,-0.03,-6.03
2023-05-30 13:10:25.062485,2.7,621.89
2023-05-30 13:10:30.063330,2.83,651.63
2023-05-30 13:10:35.060350,0.68,155.62
2023-05-30 13:10:40.061588,1.35,310.98
2023-05-30 13:10:45.057859,3.74,859.07
2023-05-30 13:10:50.058983,0.82,189.1
2023-05-30 13:10:55.059911,1.12,257.65
2023-05-30 13:11:00.056707,2.71,623.14
2023-05-30 13:11:05.057472,2.18,501.38
2023-05-30 13:11:10.058352,0.35,80.96
2023-05-30 13:11:15.055555,2.75,631.91
2023-05-30 13:11:20.056232,2.13,490.71
2023-05-30 13:11:25.057022,-0.03,-6.44
2023-05-30 13:11:30.054092,2.87,659.61
2023-05-30 13:11:35.054822,7.66,1761.83
2023-05-30 13:11:40.055705,8.12,1868.5
2023-05-30 13:11:45.052547,7.32,1684.48
2023-05-30 13:11:50.053897,7.39,1698.7
2023-05-30 13:11:55.054392,8.08,1859.09
2023-05-30 13:12:00.051473,8.27,1903.04
2023-05-30 13:12:05.052380,7.24,1665.94
2023-05-30 13:12:10.049163,7.47,1718.38
2023-05-30 13:12:15.049891,8.71,2004.3
2023-05-30 13:12:20.050892,8.56,1968.21
2023-05-30 13:12:25.051456,7.21,1658.14
2023-05-30 13:12:30.048720,7.9,1816.25
2023-05-30 13:12:35.049555,8.32,1914.24
2023-05-30 13:12:40.046251,8.19,1883.38
2023-05-30 13:12:45.047193,7.2,1655.24
2023-05-30 13:12:50.048008,8.44,1940.68
2023-05-30 13:12:55.045013,8.31,1911.5
2023-05-30 13:13:00.046018,7.42,1706.05
2023-05-30 13:13:05.047067,7.16,1646.08
2023-05-30 13:13:10.043761,8.8,2022.92
2023-05-30 13:13:15.044383,8.51,1956.24
2023-05-30 13:13:20.045276,7.47,1717.98
2023-05-30 13:13:25.042267,7.48,1720.09
2023-05-30 13:13:30.043264,8.48,1951.17
2023-05-30 13:13:35.044095,7.69,1768.2
2023-05-30 13:13:40.044724,7.56,1738.56
2023-05-30 13:13:45.041546,7.91,1818.6
2023-05-30 13:13:50.042630,8.78,2019.38
2023-05-30 13:13:55.039530,7.2,1655.25
2023-05-30 13:14:00.040476,7.41,1703.54
2023-05-30 13:14:05.041787,8.55,1965.38
2023-05-30 13:14:10.038545,8.38,1926.49
2023-05-30 13:14:15.039437,7.39,1699.08
2023-05-30 13:14:20.039897,7.51,1727.92
2023-05-30 13:14:25.036682,8.35,1920.87
2023-05-30 13:14:30.037971,7.78,1790.18
2023-05-30 13:14:35.038463,7.24,1664.29
2023-05-30 13:14:40.035857,8.43,1939.33
2023-05-30 13:14:45.036287,8.59,1974.72
2023-05-30 13:14:50.037224,7.32,1682.47
2023-05-30 13:14:55.034331,7.58,1743.86
2023-05-30 13:15:00.035065,8.69,1998.6
2023-05-30 13:15:05.036015,7.75,1781.65
2023-05-30 13:15:10.032749,7.59,1744.99
2023-05-30 13:15:15.033495,7.82,1797.91
2023-05-30 13:15:20.030720,8.33,1914.96
2023-05-30 13:15:25.031467,7.73,1777.13
2023-05-30 13:15:30.032223,7.59,1745.73
2023-05-30 13:15:35.032967,8.02,1844.98
2023-05-30 13:15:40.029877,8.05,1851.83
2023-05-30 13:15:45.031239,7.66,1762.15
2023-05-30 13:15:50.028329,7.48,1720.36
2023-05-30 13:15:55.028754,8.43,1939.32
2023-05-30 13:16:00.029481,8.29,1906.76
2023-05-30 13:16:05.030251,7.28,1673.79
2023-05-30 13:16:10.027686,7.88,1811.87
2023-05-30 13:16:15.028011,7.94,1825.78
2023-05-30 13:16:20.025425,8.26,1900.0
2023-05-30 13:16:25.025949,7.04,1618.3
2023-05-30 13:16:30.022772,8.15,1874.64
2023-05-30 13:16:35.023883,8.65,1989.47
2023-05-30 13:16:40.024675,7.27,1671.01
2023-05-30 13:16:45.025766,0.01,1.53
2023-05-30 13:16:50.022278,3.13,720.68
2023-05-30 13:16:55.023271,2.34,538.38
2023-05-30 13:17:00.019957,-0.03,-6.17
2023-05-30 13:17:05.021155,1.24,286.35
2023-05-30 13:17:10.022017,2.56,587.77
2023-05-30 13:17:15.022744,1.13,260.17
2023-05-30 13:17:20.019630,-0.03,-5.98
2023-05-30 13:17:25.020377,1.61,370.61
2023-05-30 13:17:30.017448,2.94,676.97
2023-05-30 13:17:35.018219,0.62,141.7
2023-05-30 13:17:40.019338,-0.04,-9.29
2023-05-30 13:17:45.016147,3.42,787.22
2023-05-30 13:17:50.017245,3.17,729.02
2023-05-30 13:17:55.017586,-0.02,-5.35
2023-05-30 13:18:00.014627,0.9,207.91
2023-05-30 13:18:05.015641,3.18,731.81
2023-05-30 13:18:10.014930,1.55,355.45
2023-05-30 13:18:15.015942,-0.03,-6.24
2023-05-30 13:18:20.013888,1.38,316.7
2023-05-30 13:18:25.015060,3.41,784.1
2023-05-30 13:18:30.011881,0.95,218.91
2023-05-30 13:18:35.012607,-0.04,-9.03
2023-05-30 13:18:40.009939,2.53,582.34
2023-05-30 13:18:45.010924,2.54,585.21
2023-05-30 13:18:50.011585,-0.02,-5.07
2023-05-30 13:18:55.008232,0.98,225.35
2023-05-30 13:19:00.008875,2.19,504.27
2023-05-30 13:19:05.009749,1.75,403.06
2023-05-30 13:19:10.007425,-0.01,-2.39
2023-05-30 13:19:15.009127,1.85,425.92
2023-05-30 13:19:20.008845,2.91,669.71
2023-05-30 13:19:25.005601,1.54,353.75
2023-05-30 13:19:30.006452,0.0,0.46
2023-05-30 13:19:35.013543,2.67,613.44
2023-05-30 13:19:40.004520,2.7,622.02
2023-05-30 13:19:45.005276,-0.02,-5.4
2023-05-30 13:19:50.005963,0.57,131.34
2023-05-30 13:19:55.002880,2.59,596.27
2023-05-30 13:20:00.005176,1.89,433.62
2023-05-30 13:20:05.004457,-0.04,-9.44
2023-05-30 13:20:10.001392,2.03,466.65
2023-05-30 13:20:15.002549,2.91,670.27
2023-05-30 13:20:20.003320,1.48,340.42
2023-05-30 13:20:25.000349,-0.03,-6.03
2023-05-30 13:20:30.001070,1.71,393.96
2023-05-30 13:20:35.001649,2.84,653.89
2023-05-30 13:20:39.998624,0.36,82.48
2023-05-30 13:20:44.999407,0.25,58.22
2023-05-30 13:20:49.996464,3.24,744.52
2023-05-30 13:20:54.997379,2.33,535.57
2023-05-30 13:21:00.000760,-0.01,-2.51
2023-05-30 13:21:04.999881,1.22,281.47
2023-05-30 13:21:10.002400,2.84,652.64
2023-05-30 13:21:15.004701,1.26,290.73
2023-05-30 13:21:20.002221,0.07,15.35
2023-05-30 13:21:25.003803,1.89,434.33
2023-05-30 13:21:30.004974,2.59,595.07
2023-05-30 13:21:35.002247,0.59,134.91
2023-05-30 13:21:40.003289,0.31,71.22
2023-05-30 13:21:45.004271,4.38,1008.02
2023-05-30 13:21:50.001289,8.8,2023.2
2023-05-30 13:21:55.002276,7.06,1624.75
2023-05-30 13:22:00.003324,7.54,1734.61
2023-05-30 13:22:05.000425,8.15,1873.52
2023-05-30 13:22:10.001158,7.99,1837.73
2023-05-30 13:22:15.002397,7.01,1611.43
2023-05-30 13:22:19.999211,8.33,1915.61
2023-05-30 13:22:25.000123,8.22,1890.75
2023-05-30 13:22:29.996695,7.55,1736.06
2023-05-30 13:22:34.997540,7.05,1620.93
2023-05-30 13:22:39.998394,8.64,1987.56
2023-05-30 13:22:44.999315,8.52,1959.96
2023-05-30 13:22:49.996137,7.4,1701.76
2023-05-30 13:22:54.997136,7.56,1737.83
2023-05-30 13:22:59.994161,8.44,1941.45
2023-05-30 13:23:04.995251,8.18,1881.55
2023-05-30 13:23:09.996055,7.48,1721.54
2023-05-30 13:23:14.992582,7.84,1804.08
2023-05-30 13:23:19.993621,8.65,1989.19
2023-05-30 13:23:24.994380,7.41,1704.69
2023-05-30 13:23:29.991262,7.26,1670.19
2023-05-30 13:23:34.992086,8.71,2003.6
2023-05-30 13:23:39.993142,8.37,1925.42
2023-05-30 13:23:44.990006,7.3,1679.04
2023-05-30 13:23:49.990811,8.29,1906.12
2023-05-30 13:23:54.991914,8.34,1919.13
2023-05-30 13:23:59.988530,7.9,1816.56
2023-05-30 13:24:04.989575,7.36,1692.22
2023-05-30 13:24:09.990128,8.43,1939.81
2023-05-30 13:24:14.987228,8.61,1979.61
2023-05-30 13:24:19.988115,7.34,1689.2
2023-05-30 13:24:24.985179,7.06,1623.1
2023-05-30 13:24:29.985935,8.58,1973.16
2023-05-30 13:24:34.986928,8.19,1883.55
2023-05-30 13:24:39.987491,7.05,1621.65
2023-05-30 13:24:44.984392,7.62,1752.7
2023-05-30 13:24:49.985264,8.3,1907.98
2023-05-30 13:24:54.982244,8.1,1863.94
2023-05-30 13:24:59.983052,7.26,1670.35
2023-05-30 13:25:04.984271,8.33,1915.47
2023-05-30 13:25:09.985018,8.38,1927.29
2023-05-30 13:25:14.981641,7.25,1667.37
2023-05-30 13:25:19.982867,7.39,1699.6
2023-05-30 13:25:24.983779,8.75,2012.77
2023-05-30 13:25:29.980372,8.54,1965.32
2023-05-30 13:25:34.981535,7.37,1695.69
2023-05-30 13:25:39.982304,7.52,1729.77
2023-05-30 13:25:44.979306,8.44,1940.45
2023-05-30 13:25:49.980174,8.05,1851.06
2023-05-30 13:25:54.980685,7.48,1720.56
2023-05-30 13:25:59.977845,8.15,1875.14
2023-05-30 13:26:04.978502,8.56,1968.34
2023-05-30 13:26:09.979206,7.41,1704.45
2023-05-30 13:26:14.976731,7.27,1672.57
2023-05-30 13:26:19.977232,8.91,2048.53
2023-05-30 13:26:24.974103,8.43,1939.54
2023-05-30 13:26:29.974950,7.44,1710.45
2023-05-30 13:26:34.976128,7.72,1774.63
2023-05-30 13:26:39.976475,8.39,1930.81
2023-05-30 13:26:44.973571,7.86,1808.47
2023-05-30 13:26:49.974421,7.08,1628.4
2023-05-30 13:26:54.971312,8.25,1897.63
2023-05-30 13:26:59.972491,8.26,1900.92
2023-05-30 13:27:04.973419,7.74,1780.26
2023-05-30 13:27:09.970060,7.0,1609.1
2023-05-30 13:27:14.970806,8.71,2004.24
2023-05-30 13:27:19.971740,8.47,1947.66
2023-05-30 13:27:24.968720,7.44,1711.31
2023-05-30 13:27:29.969685,7.73,1777.95
2023-05-30 13:27:34.970355,8.57,1972.04
2023-05-30 13:27:39.967558,7.83,1800.47
2023-05-30 13:27:44.968219,7.27,1673.17
2023-05-30 13:27:49.969207,7.82,1799.12
2023-05-30 13:27:54.965896,8.08,1858.26
2023-05-30 13:27:59.966751,7.66,1762.71
2023-05-30 13:28:04.967329,7.4,1702.91
2023-05-30 13:28:09.964558,8.17,1879.84
2023-05-30 13:28:14.965545,8.52,1960.43
2023-05-30 13:28:19.962116,7.25,1668.24
2023-05-30 13:28:24.963266,7.47,1717.29
2023-05-30 13:28:29.964185,8.76,2014.44
2023-05-30 13:28:34.965021,8.06,1854.71
2023-05-30 13:28:39.961794,7.19,1654.3
2023-05-30 13:28:44.962781,7.94,1825.51
2023-05-30 13:28:49.959742,8.76,2014.6
2023-05-30 13:28:54.960675,7.62,1752.52
2023-05-30 13:28:59.961545,7.15,1643.67
2023-05-30 13:29:04.962086,8.34,1918.04
2023-05-30 13:29:09.959534,8.01,1841.7
2023-05-30 13:29:14.960277,7.42,1706.36
2023-05-30 13:29:19.956956,7.6,1748.33
2023-05-30 13:29:24.957796,8.29,1905.88
2023-05-30 13:29:29.958611,8.19,1882.63
2023-05-30 13:29:34.955745,7.11,1635.83
2023-05-30 13:29:39.956406,8.1,1862.59
2023-05-30 13:29:44.957246,8.3,1909.79
2023-05-30 13:29:49.954292,7.65,1760.17
2023-05-30 13:29:54.955096,7.25,1667.04
2023-05-30 13:29:59.955482,8.69,1998.64
2023-05-30 13:30:04.953369,8.44,1940.39
2023-05-30 13:30:09.953768,7.34,1689.19
2023-05-30 13:30:14.954420,7.55,1736.28
2023-05-30 13:30:19.951424,8.47,1948.62
2023-05-30 13:30:24.952228,7.95,1827.93
2023-05-30 13:30:29.953078,7.07,1625.98
2023-05-30 13:30:34.950719,7.74,1780.41
2023-05-30 13:30:39.951069,8.64,1988.03
2023-05-30 13:30:44.952054,7.67,1763.34
2023-05-30 13:30:49.948763,7.1,1633.74
2023-05-30 13:30:54.949636,8.37,1925.5
2023-05-30 13:30:59.950470,8.6,1978.15
2023-05-30 13:31:04.947376,7.04,1619.12
2023-05-30 13:31:09.948360,7.76,1784.16
2023-05-30 13:31:14.949125,8.35,1921.0
2023-05-30 13:31:19.946156,8.07,1856.06
2023-05-30 13:31:24.947113,7.06,1623.81
2023-05-30 13:31:29.947715,8.25,1897.6
2023-05-30 13:31:34.944656,8.49,1951.81
2023-05-30 13:31:39.945542,7.91,1819.16
2023-05-30 13:31:44.946480,7.12,1636.66
2023-05-30 13:31:49.943347,8.62,1982.39
2023-05-30 13:31:54.944054,8.13,1870.71
2023-05-30 13:31:59.945218,7.08,1629.49
2023-05-30 13:32:04.942079,7.54,1735.26
2023-05-30 13:32:09.943454,8.63,1983.88
2023-05-30 13:32:14.943883,7.97,1832.4
2023-05-30 13:32:19.940482,7.09,1631.1
2023-05-30 13:32:24.941462,8.15,1874.48
2023-05-30 13:32:29.942263,8.49,1951.57
2023-05-30 13:32:34.939101,7.32,1682.76
2023-05-30 13:32:39.940124,7.35,1691.27
2023-05-30 13:32:44.940871,8.47,1947.88
2023-05-30 13:32:49.937812,8.93,2054.03
2023-05-30 13:32:54.939012,7.32,1682.6
2023-05-30 13:32:59.939892,8.07,1856.29
2023-05-30 13:33:04.936541,8.58,1972.47
2023-05-30 13:33:09.937343,7.8,1793.28
2023-05-30 13:33:14.938227,7.38,1697.67
2023-05-30 13:33:19.935206,7.91,1818.93
2023-05-30 13:33:24.936325,8.61,1979.69
2023-05-30 13:33:29.933131,7.19,1654.08
2023-05-30 13:33:34.933763,7.33,1685.8
2023-05-30 13:33:39.934682,8.63,1984.34
2023-05-30 13:33:44.935500,8.32,1913.19
2023-05-30 13:33:49.932672,7.32,1682.67
2023-05-30 13:33:54.933298,7.62,1752.58
2023-05-30 13:33:59.930486,3.77,867.99
2023-05-30 13:34:04.931138,2.04,468.47
2023-05-30 13:34:09.932284,0.0,0.8
2023-05-30 13:34:14.928772,2.37,545.54
2023-05-30 13:34:19.929591,2.44,560.71
2023-05-30 13:34:24.930568,0.58,134.19
2023-05-30 13:34:29.927494,-0.02,-4.23
2023-05-30 13:34:34.928558,3.62,833.41
2023-05-30 13:34:39.929270,2.18,501.87
2023-05-30 13:34:44.926042,-0.01,-2.43
2023-05-30 13:34:49.927275,1.38,317.53
2023-05-30 13:34:54.927970,2.64,607.87
2023-05-30 13:34:59.924734,1.59,366.18
2023-05-30 13:35:04.925631,-0.02,-5.34
2023-05-30 13:35:09.926420,2.14,492.74
2023-05-30 13:35:14.924200,2.89,664.53
2023-05-30 13:35:19.924365,0.74,169.94
2023-05-30 13:35:24.925444,-0.02,-4.01
2023-05-30 13:35:29.922009,2.97,683.52
2023-05-30 13:35:34.923192,2.11,485.33
2023-05-30 13:35:39.923829,-0.02,-4.37
2023-05-30 13:35:44.921044,1.5,346.12
2023-05-30 13:35:49.921713,3.01,692.8
2023-05-30 13:35:54.922155,1.94,446.26
2023-05-30 13:35:59.919942,-0.04,-8.17
2023-05-30 13:36:04.920408,2.57,592.08
2023-05-30 13:36:09.921130,3.11,714.3
2023-05-30 13:36:14.918030,0.54,123.95
2023-05-30 13:36:19.918554,-0.04,-8.32
2023-05-30 13:36:24.919772,3.05,702.44
2023-05-30 13:36:29.916703,3.31,762.0
2023-05-30 13:36:34.917838,-0.01,-2.29
2023-05-30 13:36:39.914339,1.35,311.46
2023-05-30 13:36:44.915208,2.78,638.52
2023-05-30 13:36:49.916109,1.35,311.21
2023-05-30 13:36:54.916913,-0.01,-2.33
2023-05-30 13:36:59.914069,1.5,343.86
2023-05-30 13:37:04.914734,3.34,769.1
2023-05-30 13:37:09.915618,0.49,112.68
2023-05-30 13:37:14.912794,0.01,1.68
2023-05-30 13:37:19.913487,2.82,647.65
2023-05-30 13:37:24.914035,2.89,664.35
2023-05-30 13:37:29.911139,-0.02,-5.1
2023-05-30 13:37:34.912066,1.46,336.84
2023-05-30 13:37:39.913067,3.04,698.69
2023-05-30 13:37:44.909633,1.4,322.15
2023-05-30 13:37:49.910884,-0.02,-5.14
2023-05-30 13:37:54.911591,1.81,416.84
2023-05-30 13:37:59.908456,3.12,717.8
2023-05-30 13:38:04.909312,0.46,105.01
2023-05-30 13:38:09.910391,-0.02,-3.47
2023-05-30 13:38:14.907224,3.37,775.77
2023-05-30 13:38:19.908531,2.99,687.74
2023-05-30 13:38:24.911951,-0.01,-2.38
2023-05-30 13:38:29.911131,0.58,132.88
2023-05-30 13:38:34.913509,3.34,767.19
2023-05-30 13:38:39.915100,1.33,307.04
2023-05-30 13:38:44.913348,-0.0,-0.48
2023-05-30 13:38:49.914513,1.74,399.97
2023-05-30 13:38:54.915861,3.2,736.16
2023-05-30 13:38:59.912747,1.18,270.98
2023-05-30 13:39:04.914008,7.43,1708.2
2023-05-30 13:39:09.911308,8.5,1955.38
2023-05-30 13:39:14.912113,8.48,1950.71
2023-05-30 13:39:19.913584,7.01,1612.84
2023-05-30 13:39:24.910134,7.83,1801.58
2023-05-30 13:39:29.910804,8.16,1876.56
2023-05-30 13:39:34.912981,8.05,1850.39
2023-05-30 13:39:39.912765,7.08,1628.46
2023-05-30 13:39:44.909400,8.02,1845.11
2023-05-30 13:39:49.910433,7.77,1786.51
2023-05-30 13:39:54.907265,7.58,1744.35
2023-05-30 13:39:59.908164,7.24,1664.44
2023-05-30 13:40:04.909320,8.67,1992.97
2023-05-30 13:40:09.905867,8.05,1852.33
2023-05-30 13:40:14.907096,7.04,1619.13
2023-05-30 13:40:19.907839,8.06,1853.93
2023-05-30 13:40:24.904578,8.48,1949.35
2023-05-30 13:40:29.905452,7.96,1831.88
2023-05-30 13:40:34.906509,7.33,1685.62
2023-05-30 13:40:39.903280,8.38,1928.05
2023-05-30 13:40:44.904140,8.35,1921.36
2023-05-30 13:40:49.905151,7.62,1752.72
2023-05-30 13:40:54.901920,7.18,1652.14
2023-05-30 13:40:59.902851,8.39,1930.03
2023-05-30 13:41:04.904077,8.19,1883.15
2023-05-30 13:41:09.901327,7.41,1704.02
2023-05-30 13:41:14.901485,7.45,1714.26
2023-05-30 13:41:19.902377,8.27,1902.02
2023-05-30 13:41:24.899181,8.41,1934.09
2023-05-30 13:41:29.900858,7.09,1631.35
2023-05-30 13:41:34.901233,8.3,1908.72
2023-05-30 13:41:39.897967,8.4,1931.67
2023-05-30 13:41:44.898964,7.63,1754.83
2023-05-30 13:41:49.899494,7.38,1696.66
2023-05-30 13:41:54.897084,8.29,1906.05
2023-05-30 13:41:59.897419,8.43,1938.72
2023-05-30 13:42:04.898072,7.16,1647.49
2023-05-30 13:42:09.895185,7.0,1608.92
2023-05-30 13:42:14.896657,8.65,1990.38
2023-05-30 13:42:19.897113,8.33,1916.02
2023-05-30 13:42:24.893760,7.3,1678.28
2023-05-30 13:42:29.894599,7.58,1743.01
2023-05-30 13:42:34.891523,8.41,1933.87
2023-05-30 13:42:39.892292,8.03,1845.83
2023-05-30 13:42:44.893316,7.08,1627.99
2023-05-30 13:42:49.893940,8.41,1935.2
2023-05-30 13:42:54.891054,8.61,1979.56
2023-05-30 13:42:59.892121,7.27,1673.17
2023-05-30 13:43:04.893002,7.21,1658.88
2023-05-30 13:43:09.893393,8.86,2036.69
2023-05-30 13:43:14.890661,8.09,1861.63
2023-05-30 13:43:19.891646,7.37,1694.83
2023-05-30 13:43:24.888181,7.73,1777.23
2023-05-30 13:43:29.889526,8.61,1979.69
2023-05-30 13:43:34.890398,8.07,1856.42
2023-05-30 13:43:39.890853,7.09,1631.46
2023-05-30 13:43:44.887884,8.48,1951.33
2023-05-30 13:43:49.888945,8.58,1972.87
2023-05-30 13:43:54.885527,7.13,1639.92
2023-05-30 13:43:59.887373,7.48,1719.75
2023-05-30 13:44:04.887743,8.88,2042.91
2023-05-30 13:44:09.884415,7.78,1789.98
2023-05-30 13:44:14.885211,7.2,1656.28
2023-05-30 13:44:19.885958,7.9,1817.51
2023-05-30 13:44:24.883375,8.6,1978.48
2023-05-30 13:44:29.883945,8.09,1861.8
2023-05-30 13:44:34.884733,7.03,1616.84
2023-05-30 13:44:39.881535,8.32,1913.32
2023-05-30 13:44:44.882444,8.42,1936.33
2023-05-30 13:44:49.883327,7.52,1729.58
2023-05-30 13:44:54.880150,7.51,1726.63
2023-05-30 13:44:59.881156,8.52,1959.51
2023-05-30 13:45:04.881865,8.03,1847.06
2023-05-30 13:45:09.879256,7.3,1678.73
2023-05-30 13:45:14.880125,7.87,1810.48
2023-05-30 13:45:19.876861,8.44,1941.12
2023-05-30 13:45:24.877590,7.96,1831.79
2023-05-30 13:45:29.878401,7.01,1612.82
2023-05-30 13:45:34.879228,8.77,2018.16
2023-05-30 13:45:39.876260,8.54,1963.61
2023-05-30 13:45:44.877194,7.32,1682.83
2023-05-30 13:45:49.877937,7.43,1708.1
2023-05-30 13:45:54.875036,8.37,1924.83
2023-05-30 13:45:59.875725,8.45,1942.65
2023-05-30 13:46:04.872852,7.24,1665.83
2023-05-30 13:46:09.873382,7.89,1814.12
2023-05-30 13:46:14.874297,8.28,1903.66
2023-05-30 13:46:19.875056,8.01,1841.32
2023-05-30 13:46:24.872650,6.91,1588.96
2023-05-30 13:46:29.872914,7.88,1813.55
2023-05-30 13:46:34.873621,8.74,2009.11
2023-05-30 13:46:39.870899,7.2,1655.11
2023-05-30 13:46:44.871619,7.02,1615.45
2023-05-30 13:46:49.872413,8.56,1968.67
2023-05-30 13:46:54.869720,8.1,1862.57
2023-05-30 13:46:59.870417,7.32,1684.19
2023-05-30 13:47:04.867022,7.4,1702.5
2023-05-30 13:47:09.867994,8.71,2002.88
2023-05-30 13:47:14.869200,7.79,1792.61
2023-05-30 13:47:19.865896,7.09,1631.77
2023-05-30 13:47:24.866671,8.13,1869.23
2023-05-30 13:47:29.868351,8.68,1995.32
2023-05-30 13:47:34.868193,7.59,1746.64
2023-05-30 13:47:39.865242,7.02,1613.9
2023-05-30 13:47:44.866241,8.52,1959.82
2023-05-30 13:47:49.863106,8.47,1947.44
2023-05-30 13:47:54.863930,7.33,1685.74
2023-05-30 13:47:59.864970,7.63,1754.04
2023-05-30 13:48:04.861654,8.36,1923.95
2023-05-30 13:48:09.862623,8.02,1844.13
2023-05-30 13:48:14.863711,7.02,1614.69
2023-05-30 13:48:19.860092,8.04,1848.21
2023-05-30 13:48:24.861276,8.08,1857.81
2023-05-30 13:48:29.862147,7.8,1794.24
2023-05-30 13:48:34.858957,7.0,1609.1
2023-05-30 13:48:39.859858,8.71,2002.97
2023-05-30 13:48:44.860945,8.22,1891.58
2023-05-30 13:48:49.861409,7.07,1626.94
2023-05-30 13:48:54.858585,7.86,1808.27
2023-05-30 13:48:59.859489,8.78,2019.3
2023-05-30 13:49:04.860165,7.75,1782.24
2023-05-30 13:49:09.857335,7.32,1684.42
2023-05-30 13:49:14.858011,8.03,1847.9
2023-05-30 13:49:19.859158,8.1,1861.88
2023-05-30 13:49:24.856034,7.37,1694.67
2023-05-30 13:49:29.856706,7.13,1640.22
2023-05-30 13:49:34.857590,8.59,1975.77
2023-05-30 13:49:39.854217,8.45,1943.54
2023-05-30 13:49:44.855318,7.39,1700.37
2023-05-30 13:49:49.856184,7.21,1657.47
2023-05-30 13:49:54.853136,8.44,1940.24
2023-05-30 13:49:59.854124,8.42,1936.29
2023-05-30 13:50:04.854782,7.18,1651.84
2023-05-30 13:50:09.851860,7.96,1831.48
2023-05-30 13:50:14.852656,8.72,2004.67
2023-05-30 13:50:19.853620,7.68,1767.24
2023-05-30 13:50:24.850403,7.3,1678.71
2023-05-30 13:50:29.851627,8.71,2003.02
2023-05-30 13:50:34.852238,8.27,1900.97
2023-05-30 13:50:39.848960,7.39,1700.74
2023-05-30 13:50:44.850063,7.68,1766.44
2023-05-30 13:50:49.846922,8.73,2008.34
2023-05-30 13:50:54.847630,8.13,1870.34
2023-05-30 13:50:59.848578,7.12,1637.88
2023-05-30 13:51:04.849340,8.2,1885.55
2023-05-30 13:51:09.846252,8.23,1892.43
2023-05-30 13:51:14.847315,7.65,1759.74
2023-05-30 13:51:19.844054,7.33,1684.95
2023-05-30 13:51:24.845004,8.43,1939.9
2023-05-30 13:51:29.845963,8.5,1955.27
2023-05-30 13:51:34.846589,7.16,1647.17
2023-05-30 13:51:39.843560,7.33,1685.79
2023-05-30 13:51:44.844460,8.5,1954.81
2023-05-30 13:51:49.841440,7.85,1804.41
2023-05-30 13:51:54.843341,7.28,1674.07
2023-05-30 13:51:59.842993,7.92,1821.2
2023-05-30 13:52:04.839923,8.39,1930.13
2023-05-30 13:52:09.840811,7.95,1827.97
2023-05-30 13:52:14.842288,7.01,1611.42
2023-05-30 13:52:19.842359,8.59,1976.06
2023-05-30 13:52:24.839570,8.3,1908.31
2023-05-30 13:52:29.840267,7.08,1629.34
2023-05-30 13:52:34.837355,7.32,1682.83
2023-05-30 13:52:39.838223,8.2,1886.99
2023-05-30 13:52:44.839262,8.36,1923.77
2023-05-30 13:52:49.835929,7.08,1629.2
2023-05-30 13:52:54.836956,8.27,1901.42
2023-05-30 13:52:59.837688,8.49,1952.99
2023-05-30 13:53:04.838258,7.59,1744.68
2023-05-30 13:53:09.836174,7.43,1709.26
2023-05-30 13:53:14.837071,8.52,1960.55
2023-05-30 13:53:19.833304,8.26,1900.85
2023-05-30 13:53:24.834096,7.28,1673.61
2023-05-30 13:53:29.835071,7.54,1734.76
2023-05-30 13:53:34.831757,8.43,1938.74
2023-05-30 13:53:39.832553,8.54,1964.89
2023-05-30 13:53:44.833719,7.06,1624.04
2023-05-30 13:53:49.830476,8.29,1907.57
2023-05-30 13:53:54.831568,8.87,2039.06
2023-05-30 13:53:59.832120,7.73,1777.47
2023-05-30 13:54:04.829129,7.04,1619.86
2023-05-30 13:54:09.830024,8.55,1967.41
2023-05-30 13:54:14.831076,8.16,1876.15
2023-05-30 13:54:19.827804,7.42,1706.94
2023-05-30 13:54:24.828719,7.41,1704.72
2023-05-30 13:54:29.829479,8.49,1952.74
2023-05-30 13:54:34.826459,8.27,1901.33
2023-05-30 13:54:39.827858,7.16,1646.53
2023-05-30 13:54:44.828597,7.87,1810.75
2023-05-30 13:54:49.829189,8.84,2032.11
2023-05-30 13:54:54.826096,7.61,1749.6
2023-05-30 13:54:59.827261,7.38,1698.55
2023-05-30 13:55:04.827990,8.1,1862.29
2023-05-30 13:55:09.824817,8.65,1988.74
2023-05-30 13:55:14.825784,7.04,1618.82
2023-05-30 13:55:19.826216,7.67,1764.36
2023-05-30 13:55:24.823296,8.52,1960.47
2023-05-30 13:55:29.824277,8.29,1906.24
2023-05-30 13:55:34.820965,7.37,1695.15
2023-05-30 13:55:39.822140,8.35,1921.01
2023-05-30 13:55:44.824921,8.19,1883.54
2023-05-30 13:55:49.828203,7.62,1751.69
2023-05-30 13:55:54.826785,7.15,1643.67
2023-05-30 13:55:59.829268,8.25,1898.46
2023-05-30 13:56:04.826596,8.68,1996.29
2023-05-30 13:56:09.828013,6.8,1563.49
2023-05-30 13:56:14.829394,1.61,370.03
2023-05-30 13:56:19.826475,1.83,420.31
2023-05-30 13:56:24.828031,2.65,609.42
2023-05-30 13:56:29.828432,3.7,851.6
2023-05-30 13:56:34.826253,0.63,146.03
2023-05-30 13:56:39.826478,3.49,803.4
2023-05-30 13:56:44.827494,3.09,710.99
2023-05-30 13:56:49.824593,0.79,181.32
2023-05-30 13:56:54.825391,2.65,608.71
2023-05-30 13:56:59.826397,3.21,739.35
2023-05-30 13:57:04.823405,1.31,300.55
2023-05-30 13:57:09.824330,2.65,610.27
2023-05-30 13:57:14.825408,2.45,563.05
2023-05-30 13:57:19.821762,0.97,223.5
2023-05-30 13:57:24.824348,3.2,735.35
2023-05-30 13:57:29.823851,2.85,655.48
2023-05-30 13:57:34.820796,1.1,253.6
2023-05-30 13:57:39.821499,2.91,669.62
2023-05-30 13:57:44.822471,3.58,822.47
2023-05-30 13:57:49.819126,0.35,80.57
2023-05-30 13:57:54.820219,2.81,646.62
2023-05-30 13:57:59.821022,2.55,587.3
2023-05-30 13:58:04.818304,1.47,337.11
2023-05-30 13:58:09.819107,3.85,886.45
2023-05-30 13:58:14.819949,2.94,676.63
2023-05-30 13:58:19.816548,1.07,245.26
2023-05-30 13:58:24.817821,2.27,522.11
2023-05-30 13:58:29.818638,3.22,740.84
2023-05-30 13:58:34.815202,0.62,142.39
2023-05-30 13:58:39.816485,3.26,750.9
2023-05-30 13:58:44.816989,2.88,663.22
2023-05-30 13:58:49.813921,1.34,307.45
2023-05-30 13:58:54.815015,2.67,613.92
2023-05-30 13:58:59.815934,3.09,711.42
2023-05-30 13:59:04.812695,1.98,455.96
2023-05-30 13:59:09.813502,2.42,556.92
2023-05-30 13:59:14.814358,2.91,668.86
2023-05-30 13:59:19.811328,1.77,407.57
2023-05-30 13:59:24.812520,2.58,594.41
2023-05-30 13:59:29.812800,2.68,617.09
2023-05-30 13:59:34.809891,1.95,447.88
2023-05-30 13:59:39.810694,1.99,456.8
2023-05-30 13:59:44.811512,3.08,707.46
2023-05-30 13:59:49.808531,1.49,341.87
2023-05-30 13:59:54.809362,1.39,320.01
2023-05-30 13:59:59.810546,2.9,667.28
2023-05-30 14:00:04.807072,1.67,384.14
2023-05-30 14:00:09.808235,2.27,522.57
2023-05-30 14:00:14.809142,2.73,627.27
2023-05-30 14:00:19.805819,2.25,516.88
2023-05-30 14:00:24.806638,2.19,504.72
2023-05-30 14:00:29.807522,1.88,432.71
2023-05-30 14:00:34.804423,2.41,553.78
2023-05-30 14:00:39.806394,1.5,344.78
2023-05-30 14:00:44.806823,2.89,664.51
2023-05-30 14:00:49.803170,2.16,496.63
2023-05-30 14:00:54.803938,1.62,372.0
2023-05-30 14:00:59.804909,2.32,534.44
2023-05-30 14:01:04.801864,3.22,741.49
2023-05-30 14:01:09.802844,1.39,319.1
2023-05-30 14:01:14.803598,2.26,518.94
2023-05-30 14:01:19.804247,3.24,744.42
2023-05-30 14:01:24.801390,1.18,271.16
2023-05-30 14:01:29.802366,2.52,580.34
2023-05-30 14:01:34.799111,3.49,801.61
2023-05-30 14:01:39.800164,0.91,210.35
2023-05-30 14:01:44.800782,3.19,733.88
2023-05-30 14:01:49.801634,2.46,565.12
2023-05-30 14:01:54.798714,1.43,329.44
2023-05-30 14:01:59.799743,2.26,518.95
2023-05-30 14:02:04.796234,3.18,731.8
2023-05-30 14:02:09.797341,0.65,149.21
2023-05-30 14:02:14.798090,2.72,625.0
2023-05-30 14:02:19.795344,2.99,687.87
2023-05-30 14:02:24.796283,0.95,218.17
2023-05-30 14:02:29.796861,3.53,811.69
2023-05-30 14:02:34.797512,2.46,564.66
2023-05-30 14:02:39.794557,1.57,360.71
2023-05-30 14:02:44.795625,2.79,642.6
2023-05-30 14:02:49.792560,3.39,780.09
2023-05-30 14:02:54.793198,1.23,282.94
2023-05-30 14:02:59.794195,2.78,639.57
2023-05-30 14:03:04.790754,3.93,903.66
2023-05-30 14:03:09.791896,1.82,417.86
2023-05-30 14:03:14.792861,2.63,603.86
2023-05-30 14:03:19.789535,2.91,669.68
2023-05-30 14:03:24.790330,1.2,276.82
2023-05-30 14:03:29.791618,2.1,483.54
2023-05-30 14:03:34.788365,2.64,607.77
2023-05-30 14:03:39.789446,1.85,425.67
2023-05-30 14:03:44.790044,2.16,496.16
2023-05-30 14:03:49.786972,2.44,561.8
2023-05-30 14:03:54.787767,2.6,597.98
2023-05-30 14:03:59.788625,1.87,429.46
2023-05-30 14:04:04.785746,2.69,619.8
2023-05-30 14:04:09.786299,2.24,514.85
2023-05-30 14:04:14.787532,1.44,332.29
2023-05-30 14:04:19.783967,3.41,783.81
2023-05-30 14:04:24.784964,2.88,662.75
2023-05-30 14:04:29.786565,1.18,272.09
2023-05-30 14:04:34.783014,1.82,417.6
2023-05-30 14:04:39.783650,3.28,755.44
2023-05-30 14:04:44.784441,1.19,274.68
2023-05-30 14:04:49.781435,3.25,748.06
2023-05-30 14:04:54.782542,2.22,511.61
2023-05-30 14:04:59.783074,0.65,148.35
2023-05-30 14:05:04.780123,2.69,618.28
2023-05-30 14:05:09.781193,3.14,721.69
2023-05-30 14:05:14.781925,0.66,150.98
2023-05-30 14:05:19.780486,3.38,776.59
2023-05-30 14:05:24.779685,2.75,633.28
2023-05-30 14:05:29.781343,0.85,194.44
2023-05-30 14:05:34.777512,3.32,762.7
2023-05-30 14:05:39.778231,2.94,676.44
2023-05-30 14:05:44.779271,0.96,220.37
2023-05-30 14:05:49.776334,3.58,823.3
2023-05-30 14:05:54.776979,1.94,445.63
2023-05-30 14:05:59.777784,0.71,162.6
2023-05-30 14:06:04.774976,2.96,680.59
2023-05-30 14:06:09.775595,3.09,710.8
2023-05-30 14:06:14.776428,1.07,244.99
2023-05-30 14:06:19.773472,-0.03,-6.39
2023-05-30 14:06:24.774256,2.04,469.88
2023-05-30 14:06:29.775223,3.53,811.86
2023-05-30 14:06:34.771968,0.77,176.19
2023-05-30 14:06:39.772831,-0.03,-8.03
2023-05-30 14:06:44.773806,1.93,444.5
2023-05-30 14:06:49.774213,3.44,792.05
2023-05-30 14:06:54.771293,-0.0,-1.04
2023-05-30 14:06:59.772380,0.45,104.27
2023-05-30 14:07:04.769207,2.46,566.17
2023-05-30 14:07:09.770026,2.18,502.48
2023-05-30 14:07:14.771272,-0.03,-6.03
2023-05-30 14:07:19.772098,1.44,330.9
2023-05-30 14:07:24.768821,2.64,606.61
2023-05-30 14:07:29.770185,1.28,293.85
2023-05-30 14:07:34.766520,0.0,0.71
2023-05-30 14:07:39.767698,3.15,723.69
2023-05-30 14:07:44.768502,2.72,625.77
2023-05-30 14:07:49.765139,-0.02,-5.7
2023-05-30 14:07:54.766156,0.8,183.59
2023-05-30 14:07:59.767244,2.59,596.14
2023-05-30 14:08:04.767687,1.51,347.33
2023-05-30 14:08:09.765132,-0.01,-1.83
2023-05-30 14:08:14.765637,1.85,425.02
2023-05-30 14:08:19.762344,2.12,486.86
2023-05-30 14:08:24.763438,1.32,303.26
2023-05-30 14:08:29.764419,-0.03,-7.78
2023-05-30 14:08:34.761161,2.45,563.93
2023-05-30 14:08:39.761899,2.89,664.62
2023-05-30 14:08:44.763116,-0.03,-6.79
2023-05-30 14:08:49.763946,0.85,194.68
2023-05-30 14:08:54.760946,3.1,712.83
2023-05-30 14:08:59.761713,1.11,254.86
2023-05-30 14:09:04.758428,-0.02,-5.7
2023-05-30 14:09:09.759367,1.64,376.48
2023-05-30 14:09:14.760346,3.19,734.57
2023-05-30 14:09:19.761014,0.8,182.9
2023-05-30 14:09:24.758891,-0.01,-1.85
2023-05-30 14:09:29.758777,2.87,659.9
2023-05-30 14:09:34.755880,2.13,488.91
2023-05-30 14:09:39.756612,-0.01,-2.76
2023-05-30 14:09:44.757247,0.8,183.15
2023-05-30 14:09:49.754356,3.46,795.96
2023-05-30 14:09:54.755253,1.7,391.17
2023-05-30 14:09:59.756453,-0.01,-1.22
2023-05-30 14:10:04.753192,1.94,446.36
2023-05-30 14:10:09.753905,3.4,783.1
2023-05-30 14:10:14.755060,1.15,265.09
2023-05-30 14:10:19.751783,-0.02,-5.27
2023-05-30 14:10:24.752514,2.38,546.92
2023-05-30 14:10:29.753432,3.43,789.04
2023-05-30 14:10:34.750614,-0.03,-6.44
2023-05-30 14:10:39.751235,0.72,166.29
2023-05-30 14:10:44.751926,2.62,603.19
2023-05-30 14:10:49.748974,1.91,439.3
2023-05-30 14:10:54.750394,-0.01,-1.74
2023-05-30 14:10:59.750321,2.73,628.86
2023-05-30 14:11:04.747626,2.49,573.31
2023-05-30 14:11:09.748715,0.6,136.93
2023-05-30 14:11:14.749470,-0.05,-11.59
2023-05-30 14:11:19.746235,2.16,495.82
2023-05-30 14:11:24.747415,3.61,830.32
2023-05-30 14:11:29.747926,-0.01,-1.26
2023-05-30 14:11:34.745084,0.64,147.19
2023-05-30 14:11:39.746436,2.16,496.67
2023-05-30 14:11:44.746474,2.83,651.44
2023-05-30 14:11:49.743562,-0.04,-9.3
2023-05-30 14:11:54.744740,2.26,519.09
2023-05-30 14:11:59.745250,2.72,625.86
2023-05-30 14:12:04.742222,1.33,306.73
2023-05-30 14:12:09.743102,-0.04,-9.71
2023-05-30 14:12:14.743819,2.87,660.13
2023-05-30 14:12:19.740828,3.6,827.98
2023-05-30 14:12:24.741777,-0.01,-3.25
2023-05-30 14:12:29.742778,1.62,371.76
2023-05-30 14:12:34.739440,2.36,543.27
2023-05-30 14:12:39.740325,2.2,504.89
2023-05-30 14:12:44.741634,-0.01,-1.56
2023-05-30 14:12:49.738447,2.61,601.45
2023-05-30 14:12:54.739555,2.79,642.82
2023-05-30 14:12:59.739953,0.54,123.4
2023-05-30 14:13:04.739722,-0.01,-1.37
2023-05-30 14:13:09.742833,3.41,785.31
2023-05-30 14:13:14.745721,3.11,715.48
2023-05-30 14:13:19.743606,-0.01,-2.46
2023-05-30 14:13:24.745466,0.74,170.6
2023-05-30 14:13:29.746773,3.12,718.13
2023-05-30 14:13:34.747957,2.06,472.91
2023-05-30 14:13:39.745444,-0.01,-3.34
2023-05-30 14:13:44.746421,1.79,412.03
2023-05-30 14:13:49.743619,3.59,826.73
2023-05-30 14:13:54.744487,0.62,141.79
2023-05-30 14:13:59.745501,-0.03,-7.91
2023-05-30 14:14:04.743122,2.0,459.38
2023-05-30 14:14:09.743556,3.37,775.73
2023-05-30 14:14:14.744558,-0.03,-7.55
2023-05-30 14:14:19.741251,0.74,170.22
2023-05-30 14:14:24.742539,2.51,576.81
2023-05-30 14:14:29.742665,1.85,425.83
2023-05-30 14:14:34.740086,-0.02,-3.46
2023-05-30 14:14:39.740821,1.83,421.09
2023-05-30 14:14:44.741612,3.26,749.74
2023-05-30 14:14:49.738516,0.69,157.88
2023-05-30 14:14:54.739913,-0.01,-3.37
2023-05-30 14:14:59.740167,3.23,743.12
2023-05-30 14:15:04.737146,2.79,642.01
2023-05-30 14:15:09.738150,-0.04,-8.8
2023-05-30 14:15:14.738998,0.84,192.21
2023-05-30 14:15:19.735843,3.3,759.92
2023-05-30 14:15:24.736958,2.02,465.65
2023-05-30 14:15:29.737962,-0.01,-1.67
2023-05-30 14:15:34.734394,1.51,347.56
2023-05-30 14:15:39.735375,3.12,718.55
2023-05-30 14:15:44.736026,0.68,155.66
2023-05-30 14:15:49.733635,-0.04,-8.8
2023-05-30 14:15:54.734460,3.51,807.03
2023-05-30 14:15:59.734943,2.79,640.58
2023-05-30 14:16:04.732215,-0.01,-1.98
2023-05-30 14:16:09.732709,1.19,273.26
2023-05-30 14:16:14.733341,2.28,523.5
2023-05-30 14:16:19.730600,1.73,397.87
2023-05-30 14:16:24.731233,-0.03,-8.04
2023-05-30 14:16:29.728176,1.96,450.84
2023-05-30 14:16:34.729768,2.32,532.61
2023-05-30 14:16:39.730372,0.64,146.33
2023-05-30 14:16:44.730652,-0.0,-0.91
2023-05-30 14:16:49.727557,3.23,743.17
2023-05-30 14:16:54.728621,4.32,994.62
2023-05-30 14:16:59.725855,-0.03,-7.15
2023-05-30 14:17:04.726284,1.44,331.32
2023-05-30 14:17:09.727287,4.63,1064.06
2023-05-30 14:17:14.724084,2.89,665.7
2023-05-30 14:17:19.724986,0.01,1.77
2023-05-30 14:17:24.725987,3.77,866.04
2023-05-30 14:17:29.726551,4.57,1050.04
2023-05-30 14:17:34.723966,0.84,193.0
2023-05-30 14:17:39.724438,-0.01,-3.03
2023-05-30 14:17:44.721385,4.66,1072.15
2023-05-30 14:17:49.722914,3.8,874.06
2023-05-30 14:17:54.723423,-0.02,-5.4
2023-05-30 14:17:59.723795,1.44,331.24
2023-05-30 14:18:04.720989,4.25,976.64
2023-05-30 14:18:09.722055,1.9,437.15
2023-05-30 14:18:14.718738,-0.03,-7.14
2023-05-30 14:18:19.719355,3.39,779.28
2023-05-30 14:18:24.720221,3.81,876.75
2023-05-30 14:18:29.721011,0.84,192.28
2023-05-30 14:18:34.718271,0.41,93.82
2023-05-30 14:18:39.722594,4.13,949.66
2023-05-30 14:18:44.719950,2.12,488.49
2023-05-30 14:18:49.716897,-0.01,-1.19
2023-05-30 14:18:54.718446,1.95,449.21
2023-05-30 14:18:59.714928,2.64,606.56
2023-05-30 14:19:04.715956,1.27,291.32
2023-05-30 14:19:09.716593,-0.02,-5.05
2023-05-30 14:19:14.713002,3.81,875.52
2023-05-30 14:19:19.714173,5.09,1170.13
2023-05-30 14:19:24.715080,-0.03,-6.77
2023-05-30 14:19:29.716086,0.72,165.12
2023-05-30 14:19:34.713022,5.06,1164.66
2023-05-30 14:19:39.713514,3.62,833.01
2023-05-30 14:19:44.710821,-0.04,-9.44
2023-05-30 14:19:49.711447,2.2,506.79
2023-05-30 14:19:54.712581,4.95,1139.37
2023-05-30 14:19:59.709212,2.23,512.38
2023-05-30 14:20:04.710107,0.05,11.55
2023-05-30 14:20:09.710938,0.04,9.15
2023-05-30 14:20:14.708103,0.06,13.35
2023-05-30 14:20:19.708804,0.04,10.21
2023-05-30 14:20:24.705537,0.04,8.88
2023-05-30 14:20:29.706875,0.03,7.27
2023-05-30 14:20:34.707180,0.03,6.67
2023-05-30 14:20:39.708186,1.01,232.22
2023-05-30 14:20:44.705093,1.34,307.74
2023-05-30 14:20:49.706055,2.43,559.97
2023-05-30 14:20:54.702764,1.16,267.91
2023-05-30 14:20:59.703787,0.95,219.35
2023-05-30 14:21:04.705062,1.06,244.68
2023-05-30 14:21:09.705804,0.95,218.6
2023-05-30 14:21:14.703234,0.83,190.18
2023-05-30 14:21:19.703086,1.05,242.14
2023-05-30 14:21:24.703890,1.05,242.37
2023-05-30 14:21:29.701009,0.89,204.46
2023-05-30 14:21:34.701835,0.03,6.34
2023-05-30 14:21:39.698752,0.99,227.75
2023-05-30 14:21:44.699822,0.93,213.89
2023-05-30 14:21:49.700646,1.7,391.32
2023-05-30 14:21:54.697476,1.14,263.17
2023-05-30 14:21:59.698343,0.89,203.7
2023-05-30 14:22:04.698990,0.28,63.95
2023-05-30 14:22:09.696550,1.67,383.67
2023-05-30 14:22:14.696995,1.41,325.08
2023-05-30 14:22:19.697707,1.55,356.3
2023-05-30 14:22:24.694667,1.09,249.89
2023-05-30 14:22:29.695465,0.85,196.0
2023-05-30 14:22:34.696405,0.61,140.03
2023-05-30 14:22:39.693281,1.54,353.56
2023-05-30 14:22:44.694373,1.23,283.82
2023-05-30 14:22:49.694949,1.25,288.04
2023-05-30 14:22:54.692120,1.13,260.26
2023-05-30 14:22:59.694103,1.03,236.08
2023-05-30 14:23:04.693743,0.64,147.24
2023-05-30 14:23:09.690895,0.03,6.8
2023-05-30 14:23:14.691860,1.07,245.08
2023-05-30 14:23:19.692347,1.14,263.13
2023-05-30 14:23:24.689724,1.44,330.38
2023-05-30 14:23:29.690413,1.08,248.44
2023-05-30 14:23:34.687168,1.01,231.23
2023-05-30 14:23:39.688381,1.71,393.95
2023-05-30 14:23:44.688866,1.36,311.79
2023-05-30 14:23:49.689636,1.07,245.73
2023-05-30 14:23:54.686762,2.08,477.86
2023-05-30 14:23:59.687891,1.55,356.27
2023-05-30 14:24:04.684617,1.66,382.38
2023-05-30 14:24:09.685703,1.35,309.75
2023-05-30 14:24:14.686599,1.31,301.66
2023-05-30 14:24:19.686922,1.28,294.93
2023-05-30 14:24:24.683987,0.04,8.41
2023-05-30 14:24:29.685223,0.09,20.75
2023-05-30 14:24:34.685708,0.95,219.16
2023-05-30 14:24:39.682644,1.06,244.41
2023-05-30 14:24:44.683900,0.96,221.24
2023-05-30 14:24:49.684619,0.87,199.07
2023-05-30 14:24:54.681358,1.09,249.58
2023-05-30 14:24:59.682226,0.9,206.98
2023-05-30 14:25:04.683020,0.03,6.2
2023-05-30 14:25:09.680350,0.95,219.51
2023-05-30 14:25:14.680945,0.66,151.44
2023-05-30 14:25:19.677580,1.39,319.24
2023-05-30 14:25:24.678804,0.98,225.25
2023-05-30 14:25:29.679431,1.02,235.39
2023-05-30 14:25:34.676092,1.11,256.17
2023-05-30 14:25:39.677074,1.97,454.02
2023-05-30 14:25:44.677913,0.18,41.74
2023-05-30 14:25:49.674901,0.03,7.22
2023-05-30 14:25:54.677447,0.57,130.55
2023-05-30 14:25:59.676621,1.02,235.58
2023-05-30 14:26:04.673633,1.23,283.34
2023-05-30 14:26:09.674369,0.83,191.89
2023-05-30 14:26:14.675934,1.12,257.79
2023-05-30 14:26:19.672233,1.09,250.65
2023-05-30 14:26:24.673467,2.42,556.76
2023-05-30 14:26:29.674586,1.25,286.46
2023-05-30 14:26:34.670939,1.34,308.23
2023-05-30 14:26:39.671878,1.16,267.27
2023-05-30 14:26:44.672626,1.3,299.16
2023-05-30 14:26:49.669598,1.23,283.03
2023-05-30 14:26:54.675094,1.11,256.2
2023-05-30 14:26:59.672344,1.78,409.24
2023-05-30 14:27:04.668168,1.4,320.96
2023-05-30 14:27:09.669739,1.38,316.82
2023-05-30 14:27:14.670059,1.04,238.89
2023-05-30 14:27:19.667506,1.06,242.99
2023-05-30 14:27:24.667643,1.57,361.29
2023-05-30 14:27:29.664531,1.32,303.47
2023-05-30 14:27:34.665433,1.31,301.07
2023-05-30 14:27:39.666528,1.4,321.28
2023-05-30 14:27:44.667291,1.19,273.62
2023-05-30 14:27:49.664229,1.01,232.65
2023-05-30 14:27:54.664984,1.25,286.46
2023-05-30 14:27:59.662241,1.14,261.43
2023-05-30 14:28:04.662751,1.24,286.07
2023-05-30 14:28:09.663723,1.14,262.82
2023-05-30 14:28:14.664256,1.07,246.34
2023-05-30 14:28:19.661206,1.16,267.3
2023-05-30 14:28:24.662569,1.21,277.7
2023-05-30 14:28:29.659476,1.21,277.98
2023-05-30 14:28:34.660182,0.7,161.71
2023-05-30 14:28:39.661216,0.03,8.01
2023-05-30 14:28:44.657906,0.03,6.45
2023-05-30 14:28:49.659220,0.08,19.26
2023-05-30 14:28:54.659479,-0.02,-5.62
2023-05-30 14:28:59.656501,0.03,6.55
2023-05-30 14:29:04.657294,0.04,8.37
2023-05-30 14:29:09.658088,0.03,7.74
2023-05-30 14:29:14.655537,0.03,7.14
2023-05-30 14:29:19.655838,-0.02,-4.72
2023-05-30 14:29:24.657366,-0.03,-8.04
2023-05-30 14:29:29.654207,-0.02,-5.13
2023-05-30 14:29:34.657417,0.01,1.21
2023-05-30 14:29:39.655512,1.56,359.14
2023-05-30 14:29:44.652429,1.59,365.54
2023-05-30 14:29:49.653443,0.45,103.08
2023-05-30 14:29:54.650219,2.07,475.4
2023-05-30 14:29:59.650966,1.89,434.58
2023-05-30 14:30:04.652694,0.59,135.27
2023-05-30 14:30:09.652808,0.51,116.84
2023-05-30 14:30:14.650651,2.06,474.23
2023-05-30 14:30:19.651256,2.39,549.76
2023-05-30 14:30:24.651664,0.61,140.63
2023-05-30 14:30:29.648416,2.32,534.53
2023-05-30 14:30:34.649400,2.23,513.31
2023-05-30 14:30:39.650139,0.27,62.85
2023-05-30 14:30:44.647494,2.71,622.8
2023-05-30 14:30:49.648074,2.78,638.82
2023-05-30 14:30:54.649127,0.76,174.32
2023-05-30 14:30:59.645793,3.42,786.81
2023-05-30 14:31:04.647329,3.55,816.34
2023-05-30 14:31:09.650737,1.18,272.24
2023-05-30 14:31:14.649661,2.13,490.51
2023-05-30 14:31:19.651981,3.53,810.79
2023-05-30 14:31:24.653823,2.03,466.71
2023-05-30 14:31:29.651665,1.81,416.37
2023-05-30 14:31:34.653048,0.01,2.0
2023-05-30 14:31:39.654295,0.36,82.16
2023-05-30 14:31:44.651656,4.97,1142.43
2023-05-30 14:31:49.652749,3.12,716.97
2023-05-30 14:31:54.649833,-0.03,-5.97
2023-05-30 14:31:59.650971,1.86,428.67
2023-05-30 14:32:04.651774,4.98,1145.61
2023-05-30 14:32:09.652584,1.85,424.61
2023-05-30 14:32:14.649551,0.0,1.01
2023-05-30 14:32:19.650602,3.73,857.72
2023-05-30 14:32:24.651283,4.91,1128.9
2023-05-30 14:32:29.648704,0.79,181.45
2023-05-30 14:32:34.649232,0.58,133.82
2023-05-30 14:32:39.647515,4.24,975.08
2023-05-30 14:32:44.647213,3.35,769.61
2023-05-30 14:32:49.647961,-0.0,-0.39
2023-05-30 14:32:54.644675,2.62,602.61
2023-05-30 14:32:59.646032,4.92,1130.74
2023-05-30 14:33:04.646879,1.57,359.95
2023-05-30 14:33:09.643482,-0.01,-1.39
2023-05-30 14:33:14.644357,3.99,917.23
2023-05-30 14:33:19.645273,4.99,1146.95
2023-05-30 14:33:24.642036,0.03,6.35
2023-05-30 14:33:29.643024,0.43,99.83
2023-05-30 14:33:34.643910,3.89,894.8
2023-05-30 14:33:39.640732,3.3,759.53
2023-05-30 14:33:44.641688,-0.02,-4.3
2023-05-30 14:33:49.642321,2.85,654.9
2023-05-30 14:33:54.639405,5.07,1165.34
2023-05-30 14:33:59.640382,2.49,573.62
2023-05-30 14:34:04.640965,0.02,3.64
2023-05-30 14:34:09.638345,3.02,695.31
2023-05-30 14:34:14.638948,4.43,1019.49
2023-05-30 14:34:19.639571,-0.03,-5.9
2023-05-30 14:34:24.636699,0.88,203.36
2023-05-30 14:34:29.637658,3.65,840.54
2023-05-30 14:34:34.638347,2.37,545.16
2023-05-30 14:34:39.635240,0.02,3.9
2023-05-30 14:34:44.637708,2.69,618.74
2023-05-30 14:34:49.637054,4.69,1079.74
2023-05-30 14:34:54.634174,1.89,434.16
2023-05-30 14:34:59.634710,-0.04,-9.21
2023-05-30 14:35:04.631873,3.67,843.19
2023-05-30 14:35:09.632646,2.63,605.64
2023-05-30 14:35:14.633655,-0.02,-4.43
2023-05-30 14:35:19.634306,1.22,280.59
2023-05-30 14:35:24.631385,3.98,915.85
2023-05-30 14:35:29.632111,1.87,429.65
2023-05-30 14:35:34.629259,-0.01,-2.45
2023-05-30 14:35:39.629917,3.34,768.31
2023-05-30 14:35:44.631442,4.64,1066.08
2023-05-30 14:35:49.627957,0.88,201.67
2023-05-30 14:35:54.628561,-0.02,-4.42
2023-05-30 14:35:59.629395,4.81,1105.78
2023-05-30 14:36:04.626206,4.68,1075.39
2023-05-30 14:36:09.627466,-0.04,-8.54
2023-05-30 14:36:14.628177,0.99,228.01
2023-05-30 14:36:19.628921,3.22,740.24
2023-05-30 14:36:24.625858,1.78,409.72
2023-05-30 14:36:29.627189,0.02,5.33
2023-05-30 14:36:34.623682,0.07,17.11
2023-05-30 14:36:39.624606,0.07,15.88
2023-05-30 14:36:44.625520,0.04,9.24
2023-05-30 14:36:49.622153,0.04,8.78
2023-05-30 14:36:54.623115,0.04,8.2
2023-05-30 14:36:59.623941,0.04,8.88
2023-05-30 14:37:04.621358,0.03,6.22
2023-05-30 14:37:09.622089,0.02,4.48
2023-05-30 14:37:14.622706,1.23,283.75
2023-05-30 14:37:19.623405,1.14,262.48
2023-05-30 14:37:24.620397,1.44,330.74
2023-05-30 14:37:29.621283,1.42,327.6
2023-05-30 14:37:34.618156,1.06,243.42
2023-05-30 14:37:39.619033,0.91,208.61
2023-05-30 14:37:44.620938,1.08,248.6
2023-05-30 14:37:49.616882,0.59,136.09
2023-05-30 14:37:54.618159,1.0,228.89
2023-05-30 14:37:59.618690,1.61,370.03
2023-05-30 14:38:04.616149,1.58,362.48
2023-05-30 14:38:09.616380,1.43,328.63
2023-05-30 14:38:14.617573,1.27,292.96
2023-05-30 14:38:19.614424,1.18,271.0
2023-05-30 14:38:24.615183,1.45,333.0
2023-05-30 14:38:29.615876,1.59,366.15
2023-05-30 14:38:34.612683,1.42,327.08
2023-05-30 14:38:39.613765,1.33,306.9
2023-05-30 14:38:44.614858,0.52,119.42
2023-05-30 14:38:49.611823,0.05,11.18
2023-05-30 14:38:54.612467,0.33,76.58
2023-05-30 14:38:59.609383,1.06,243.09
2023-05-30 14:39:04.610111,1.43,327.89
2023-05-30 14:39:09.611143,0.86,198.05
2023-05-30 14:39:14.612038,0.93,214.45
2023-05-30 14:39:19.608839,1.23,282.09
2023-05-30 14:39:24.609838,1.61,370.25
2023-05-30 14:39:29.606582,1.54,355.26
2023-05-30 14:39:34.607802,1.19,273.11
2023-05-30 14:39:39.608396,1.27,292.78
2023-05-30 14:39:44.605159,1.29,296.94
2023-05-30 14:39:49.606801,1.26,289.23
2023-05-30 14:39:54.607134,1.25,287.35
2023-05-30 14:39:59.603881,1.76,405.16
2023-05-30 14:40:04.604967,1.24,285.23
2023-05-30 14:40:09.605628,1.15,265.22
2023-05-30 14:40:14.603244,1.41,323.22
2023-05-30 14:40:19.603485,1.37,314.84
2023-05-30 14:40:24.604601,1.76,405.31
2023-05-30 14:40:29.605119,1.24,284.84
2023-05-30 14:40:34.602384,1.15,263.69
2023-05-30 14:40:39.603023,1.89,435.29
2023-05-30 14:40:44.599860,1.5,344.62
2023-05-30 14:40:49.600857,1.83,420.81
2023-05-30 14:40:54.601636,1.5,344.79
2023-05-30 14:40:59.599042,1.91,439.15
2023-05-30 14:41:04.599376,1.42,327.52
2023-05-30 14:41:09.601166,1.83,420.23
2023-05-30 14:41:14.597152,1.92,442.45
2023-05-30 14:41:19.598181,1.55,355.61
2023-05-30 14:41:24.598798,1.23,283.72
2023-05-30 14:41:29.595869,1.67,382.96
2023-05-30 14:41:34.596730,1.76,404.41
2023-05-30 14:41:39.597563,1.63,373.98
2023-05-30 14:41:44.594743,0.38,86.44
2023-05-30 14:41:49.595770,0.02,5.25
2023-05-30 14:41:54.596134,0.03,7.68
2023-05-30 14:41:59.593472,0.02,4.27
2023-05-30 14:42:04.594066,0.01,1.29
2023-05-30 14:42:09.594877,0.02,5.38
2023-05-30 14:42:14.591835,0.04,9.99
2023-05-30 14:42:19.593078,0.04,8.36
2023-05-30 14:42:24.593768,0.03,5.98
2023-05-30 14:42:29.590404,0.01,2.33
2023-05-30 14:42:34.591297,0.02,4.9
2023-05-30 14:42:39.592305,1.82,418.35
2023-05-30 14:42:44.589454,1.5,344.72
2023-05-30 14:42:49.590004,0.96,220.83
2023-05-30 14:42:54.590774,1.07,245.54
2023-05-30 14:42:59.587898,1.68,386.08
2023-05-30 14:43:04.588718,1.47,337.28
2023-05-30 14:43:09.589769,0.02,4.54
2023-05-30 14:43:14.586255,0.29,67.48
2023-05-30 14:43:19.587260,2.23,511.96
2023-05-30 14:43:24.588281,1.87,429.66
2023-05-30 14:43:29.585193,0.04,9.38
2023-05-30 14:43:34.586023,2.45,563.66
2023-05-30 14:43:39.583303,2.69,618.7
2023-05-30 14:43:44.584066,0.02,3.95
2023-05-30 14:43:49.584754,-0.05,-12.07
2023-05-30 14:43:54.585334,0.0,0.37
2023-05-30 14:43:59.582593,2.88,663.01
2023-05-30 14:44:04.583258,2.98,685.36
2023-05-30 14:44:09.580046,0.0,0.7
2023-05-30 14:44:14.580957,2.54,584.84
2023-05-30 14:44:19.581956,2.58,593.12
2023-05-30 14:44:24.582966,1.42,327.14
2023-05-30 14:44:29.579734,2.68,616.75
2023-05-30 14:44:34.580455,1.92,442.5
2023-05-30 14:44:39.581581,1.85,425.02
2023-05-30 14:44:44.578267,2.93,673.68
2023-05-30 14:44:49.579266,3.27,753.06
2023-05-30 14:44:54.576049,1.45,333.57
2023-05-30 14:44:59.577034,5.01,1152.41
2023-05-30 14:45:04.577968,3.03,695.77
2023-05-30 14:45:09.574781,0.02,3.94
2023-05-30 14:45:14.575713,0.02,4.92
2023-05-30 14:45:19.576450,3.96,911.35
2023-05-30 14:45:24.574339,4.11,946.08
2023-05-30 14:45:29.574120,1.2,274.85
2023-05-30 14:45:34.575241,0.45,103.32
2023-05-30 14:45:39.571939,5.17,1189.48
2023-05-30 14:45:44.572743,3.09,710.72
2023-05-30 14:45:49.573586,-0.02,-5.7
2023-05-30 14:45:54.570474,2.0,459.23
2023-05-30 14:45:59.571544,4.56,1048.06
2023-05-30 14:46:04.572297,1.89,434.24
2023-05-30 14:46:09.569376,-0.03,-5.81
2023-05-30 14:46:14.570193,3.96,910.45
2023-05-30 14:46:19.571093,4.37,1004.71
2023-05-30 14:46:24.567771,0.7,160.64
2023-05-30 14:46:29.568869,0.57,130.38
2023-05-30 14:46:34.569457,3.82,879.62
2023-05-30 14:46:39.567521,3.34,767.65
2023-05-30 14:46:44.567513,-0.0,-0.12
2023-05-30 14:46:49.568167,2.11,484.81
2023-05-30 14:46:54.565721,4.53,1041.85
2023-05-30 14:46:59.566160,1.82,417.75
2023-05-30 14:47:04.567147,-0.02,-5.54
2023-05-30 14:47:09.563747,4.41,1015.0
2023-05-30 14:47:14.565149,3.2,736.84
2023-05-30 14:47:19.561591,-0.03,-7.14
2023-05-30 14:47:24.562549,0.88,201.31
2023-05-30 14:47:29.563633,4.4,1011.36
2023-05-30 14:47:34.564155,2.78,638.54
2023-05-30 14:47:39.561045,-0.04,-9.44
2023-05-30 14:47:44.562246,1.68,387.12
2023-05-30 14:47:49.559030,3.17,729.74
2023-05-30 14:47:54.560085,1.84,423.14
2023-05-30 14:47:59.561162,-0.03,-6.82
2023-05-30 14:48:04.561546,4.4,1011.26
2023-05-30 14:48:09.558517,4.58,1053.81
2023-05-30 14:48:14.559272,-0.04,-8.67
2023-05-30 14:48:19.560186,1.44,330.81
2023-05-30 14:48:24.558364,3.17,728.32
2023-05-30 14:48:29.561581,2.0,460.62
2023-05-30 14:48:34.563884,-0.01,-2.64
2023-05-30 14:48:39.562140,2.63,604.04
2023-05-30 14:48:44.564212,4.14,953.06
2023-05-30 14:48:49.561527,0.58,132.98
2023-05-30 14:48:54.562933,0.02,5.4
2023-05-30 14:48:59.564283,3.37,774.89
2023-05-30 14:49:04.565365,4.35,1000.43
2023-05-30 14:49:09.563233,0.01,3.43
2023-05-30 14:49:14.563477,1.89,433.96
2023-05-30 14:49:19.564302,5.13,1180.82
2023-05-30 14:49:24.561191,3.25,747.62
2023-05-30 14:49:29.562382,0.01,2.89
2023-05-30 14:49:34.560391,3.45,794.56
2023-05-30 14:49:39.560468,3.07,707.16
2023-05-30 14:49:44.561130,0.96,219.96
2023-05-30 14:49:49.561781,0.6,137.16
2023-05-30 14:49:54.558811,3.79,870.98
2023-05-30 14:49:59.559778,3.42,785.92
2023-05-30 14:50:04.556418,-0.0,-0.45
2023-05-30 14:50:09.557453,0.02,4.19
2023-05-30 14:50:14.558351,0.11,26.13
2023-05-30 14:50:19.558976,0.06,13.58
2023-05-30 14:50:24.556226,0.04,9.79
2023-05-30 14:50:29.557194,0.05,10.83
2023-05-30 14:50:34.553931,0.05,11.65
2023-05-30 14:50:39.554748,0.04,8.31
2023-05-30 14:50:44.555539,0.03,7.21
2023-05-30 14:50:49.552434,0.03,5.99
2023-05-30 14:50:54.553877,0.04,9.54
2023-05-30 14:50:59.554681,2.68,615.75
2023-05-30 14:51:04.552658,1.7,390.1
2023-05-30 14:51:09.553547,1.48,341.18
2023-05-30 14:51:14.552890,1.3,298.29
2023-05-30 14:51:19.549824,1.02,234.62
2023-05-30 14:51:24.550683,1.4,322.99
2023-05-30 14:51:29.551935,1.06,244.04
2023-05-30 14:51:34.548624,1.28,293.51
2023-05-30 14:51:39.549427,0.96,221.44
2023-05-30 14:51:44.556217,1.41,324.51
2023-05-30 14:51:49.547033,0.03,6.16
2023-05-30 14:51:54.548216,1.43,328.33
2023-05-30 14:51:59.548756,1.09,250.85
2023-05-30 14:52:04.545835,1.7,392.07
2023-05-30 14:52:09.547215,1.32,303.74
2023-05-30 14:52:14.547648,1.16,266.53
2023-05-30 14:52:19.544563,1.73,397.64
2023-05-30 14:52:24.545397,1.35,310.87
2023-05-30 14:52:29.542603,1.11,254.75
2023-05-30 14:52:34.543077,1.57,360.9
2023-05-30 14:52:39.544270,1.19,274.42
2023-05-30 14:52:44.541208,1.96,450.05
2023-05-30 14:52:49.541765,1.33,306.45
2023-05-30 14:52:54.542675,1.28,295.49
2023-05-30 14:52:59.543508,1.37,315.44
2023-05-30 14:53:04.540394,0.03,6.31
2023-05-30 14:53:09.541133,0.04,8.91
2023-05-30 14:53:14.538043,0.76,174.68
2023-05-30 14:53:19.539073,1.05,242.49
2023-05-30 14:53:24.540200,0.84,192.51
2023-05-30 14:53:29.540636,1.0,229.21
2023-05-30 14:53:34.537744,1.15,264.46
2023-05-30 14:53:39.538666,1.43,330.03
2023-05-30 14:53:44.535486,2.38,546.51
2023-05-30 14:53:49.536338,1.66,382.76
2023-05-30 14:53:54.537326,1.46,334.66
2023-05-30 14:53:59.538123,1.65,379.08
2023-05-30 14:54:04.535000,1.58,362.45
2023-05-30 14:54:09.535936,1.51,347.06
2023-05-30 14:54:14.536701,1.39,318.96
2023-05-30 14:54:19.533989,1.41,323.92
2023-05-30 14:54:24.535058,1.39,319.73
2023-05-30 14:54:29.535410,1.62,371.88
2023-05-30 14:54:34.532314,2.14,492.23
2023-05-30 14:54:39.533245,1.55,355.81
2023-05-30 14:54:44.530218,0.04,9.86
2023-05-30 14:54:49.531229,0.04,8.3
2023-05-30 14:54:54.531790,0.03,6.5
2023-05-30 14:54:59.532515,0.05,12.3
2023-05-30 14:55:04.529539,0.48,110.87
2023-05-30 14:55:09.530426,1.07,246.05
2023-05-30 14:55:14.531431,1.09,251.34
2023-05-30 14:55:19.530499,0.89,204.16
2023-05-30 14:55:24.529074,1.27,291.64
2023-05-30 14:55:29.525945,0.95,218.7
2023-05-30 14:55:34.526748,1.05,240.68
2023-05-30 14:55:39.527986,1.6,368.56
2023-05-30 14:55:44.528365,1.65,379.12
2023-05-30 14:55:49.525661,1.27,291.29
2023-05-30 14:55:54.526816,1.16,266.42
2023-05-30 14:55:59.524361,1.21,278.59
2023-05-30 14:56:04.524095,1.15,265.34
2023-05-30 14:56:09.525135,1.15,264.96
2023-05-30 14:56:14.525735,1.15,265.01
2023-05-30 14:56:19.522873,2.07,475.78
2023-05-30 14:56:24.523650,1.38,316.57
2023-05-30 14:56:29.520956,1.36,312.87
2023-05-30 14:56:34.522201,1.19,272.6
2023-05-30 14:56:39.522753,1.94,446.36
2023-05-30 14:56:44.519264,1.47,338.91
2023-05-30 14:56:49.520232,1.21,279.33
2023-05-30 14:56:54.521064,1.25,288.1
2023-05-30 14:56:59.517911,1.34,308.99
2023-05-30 14:57:04.518768,1.54,353.14
2023-05-30 14:57:09.519594,1.88,432.82
2023-05-30 14:57:14.516628,1.82,418.47
2023-05-30 14:57:19.517930,1.76,404.99
2023-05-30 14:57:24.518458,1.63,375.6
2023-05-30 14:57:29.515081,1.55,355.61
2023-05-30 14:57:34.516049,1.88,431.94
2023-05-30 14:57:39.517214,1.91,439.03
2023-05-30 14:57:44.513863,1.88,431.89
2023-05-30 14:57:49.514801,1.82,417.66
2023-05-30 14:57:54.515399,1.56,359.25
2023-05-30 14:57:59.512497,1.63,375.04
2023-05-30 14:58:04.513436,1.58,362.44
2023-05-30 14:58:09.514269,1.89,433.78
2023-05-30 14:58:14.511107,1.22,281.74
2023-05-30 14:58:19.511783,1.65,380.45
2023-05-30 14:58:24.512980,1.77,406.57
2023-05-30 14:58:29.509771,1.43,328.23
2023-05-30 14:58:34.510655,1.78,408.7
2023-05-30 14:58:39.507551,1.61,370.52
2023-05-30 14:58:44.508421,1.64,377.02
2023-05-30 14:58:49.509538,1.67,383.24
2023-05-30 14:58:54.510060,1.61,371.31
2023-05-30 14:58:59.507069,1.57,360.82
2023-05-30 14:59:04.507957,1.85,424.51
2023-05-30 14:59:09.505430,1.87,430.72
2023-05-30 14:59:14.506447,1.65,380.53
2023-05-30 14:59:19.506420,1.25,287.53
2023-05-30 14:59:24.507610,1.59,366.24
2023-05-30 14:59:29.504359,1.47,338.87
2023-05-30 14:59:34.506048,1.76,405.61
2023-05-30 14:59:39.502277,1.57,361.63
2023-05-30 14:59:44.503015,1.42,326.72
2023-05-30 14:59:49.504135,1.88,431.36
2023-05-30 14:59:54.504761,1.56,358.09
2023-05-30 14:59:59.501714,1.8,413.72
2023-05-30 15:00:04.502829,1.67,383.1
2023-05-30 15:00:09.503590,1.63,375.75
2023-05-30 15:00:14.500357,1.83,420.32
2023-05-30 15:00:19.501295,1.47,339.06
2023-05-30 15:00:24.502471,1.67,384.1
2023-05-30 15:00:29.499415,1.71,393.1
2023-05-30 15:00:34.499961,0.83,191.29
2023-05-30 15:00:39.501025,0.03,7.92
2023-05-30 15:00:44.497540,0.04,8.69
2023-05-30 15:00:49.498708,0.02,5.06
2023-05-30 15:00:54.499386,0.05,11.06
2023-05-30 15:00:59.496949,0.0,0.7
2023-05-30 15:01:04.497509,-0.02,-4.87
2023-05-30 15:01:09.494072,-0.02,-5.26
2023-05-30 15:01:14.494961,0.44,100.11
2023-05-30 15:01:19.495829,0.57,130.72
2023-05-30 15:01:24.492547,0.01,1.68
2023-05-30 15:01:29.494051,0.03,6.66
2023-05-30 15:01:34.495177,0.9,206.55
2023-05-30 15:01:39.495206,0.77,177.47
2023-05-30 15:01:44.492638,-0.05,-10.82
2023-05-30 15:01:49.493156,-0.04,-9.3
2023-05-30 15:01:54.489932,0.88,201.71
2023-05-30 15:01:59.490919,0.41,94.42
2023-05-30 15:02:04.492039,0.02,5.6
2023-05-30 15:02:09.492549,0.01,2.92
2023-05-30 15:02:14.490292,-0.01,-2.34
2023-05-30 15:02:19.490442,-0.04,-9.87
2023-05-30 15:02:24.487223,-0.03,-7.28
2023-05-30 15:02:29.488378,-0.02,-5.25
2023-05-30 15:02:34.488998,0.01,1.86
2023-05-30 15:02:39.486635,0.02,4.72
2023-05-30 15:02:44.486703,0.0,0.82
2023-05-30 15:02:49.487779,-0.01,-1.24
2023-05-30 15:02:54.488815,-0.02,-5.13
2023-05-30 15:02:59.485490,-0.03,-5.84
2023-05-30 15:03:04.486358,-0.0,-0.87
2023-05-30 15:03:09.483108,0.02,3.73
2023-05-30 15:03:14.484241,0.01,2.78
2023-05-30 15:03:19.485023,-0.04,-9.3
2023-05-30 15:03:24.482211,-0.04,-8.54
2023-05-30 15:03:29.482798,0.01,2.58
2023-05-30 15:03:34.483565,0.03,7.22
2023-05-30 15:03:39.480363,0.01,2.52
2023-05-30 15:03:44.481822,-0.02,-4.79
2023-05-30 15:03:49.481978,-0.04,-8.8
2023-05-30 15:03:54.479218,-0.04,-8.42
2023-05-30 15:03:59.480129,0.01,3.44
2023-05-30 15:04:04.481156,0.01,1.77
2023-05-30 15:04:09.477883,-0.03,-6.44
2023-05-30 15:04:14.479160,-0.01,-1.37
2023-05-30 15:04:19.479571,0.03,5.97
2023-05-30 15:04:24.476555,0.0,0.62
2023-05-30 15:04:29.477552,-0.04,-8.27
2023-05-30 15:04:34.474211,-0.01,-2.22
2023-05-30 15:04:39.475135,0.02,5.46
2023-05-30 15:04:44.476027,-0.01,-2.07
2023-05-30 15:04:49.476841,-0.03,-7.96
2023-05-30 15:04:54.473800,-0.03,-7.5
2023-05-30 15:04:59.474606,0.0,0.31
2023-05-30 15:05:04.475263,0.02,5.43
2023-05-30 15:05:09.472558,-0.02,-5.27
2023-05-30 15:05:14.473709,-0.04,-8.17
2023-05-30 15:05:19.474112,-0.01,-3.13
2023-05-30 15:05:24.470972,0.03,6.94
2023-05-30 15:05:29.472003,-0.0,-0.18
2023-05-30 15:05:34.472804,-0.04,-8.59
2023-05-30 15:05:39.469812,-0.01,-2.99
2023-05-30 15:05:44.471950,0.03,5.85
2023-05-30 15:05:49.475275,0.0,0.42
2023-05-30 15:05:54.474014,-0.05,-10.96
